869,295720,2020-08-20,AEX,,PUT,2020-12-18,480,EUR,10.1,3,1,100,3030,3030,2313,Indexopties,103242,AEX P DEC 2020 480.00,0
870,295720,2020-08-20,AEX,,PUT,2020-12-18,500,EUR,13.62,4,1,100,5448,5448,4148,Indexopties,103242,AEX  P DEC 2020 500.00,0
871,295720,2020-08-20,EMIM NA,IE00BKM4GZ66,,1900-01-01,0,EUR,24.957,8184,1,1,204248.09,204248.09,209264.88,Aandelen Nederland,163902,iShares Core MSCI Emerging Markets IMI,0
872,295720,2020-08-20,IBTE LN,IE00BDFK1573,,1900-01-01,0,EUR,5.1065,29500,1,1,150641.75,150641.75,150582.75,Aandelen Engeland,171287,iShares $ Treasury Bond 1-3yr (EUR) Hdg,0
873,295720,2020-08-20,ISSP,IE0031442068,,1900-01-01,0,EUR,28.408,7413,1,1,210588.5,210588.5,211707.87,Aandelen Nederland,44532,iShares S&P 500 UCITS ETF (NL) (IUSA NA),0
874,295720,2020-08-20,VEUR NA,IE00B945VV12,,1900-01-01,0,EUR,28.513,6808,1,1,194116.5,194116.5,198698.29,Aandelen Nederland,158105,Vanguard FTSE Developed Europe,0
875,295720,2020-08-20,EUR,,,1900-01-01,0,EUR,0,35159.48,1,0,35159.48,35159.48,0,,1234,,0
866,295720,2020-08-17,AEX,,PUT,2020-12-18,480,EUR,8.9,3,1,100,2670,2670,2313,Indexopties,103242,AEX P DEC 2020 480.00,0
867,295720,2020-08-17,AEX,,PUT,2020-12-18,500,EUR,11.96,4,1,100,4784,4784,4148,Indexopties,103242,AEX  P DEC 2020 500.00,0
868,295720,2020-08-17,EMIM NA,IE00BKM4GZ66,,1900-01-01,0,EUR,25.517,8184,1,1,208831.13,208831.13,209264.88,Aandelen Nederland,163902,iShares Core MSCI Emerging Markets IMI,0
869,295720,2020-08-17,IBTE LN,IE00BDFK1573,,1900-01-01,0,EUR,5.106,29500,1,1,150627,150627,150582.75,Aandelen Engeland,171287,iShares $ Treasury Bond 1-3yr (EUR) Hdg,0
870,295720,2020-08-17,ISSP,IE0031442068,,1900-01-01,0,EUR,28.431,7413,1,1,210759,210759,211707.87,Aandelen Nederland,44532,iShares S&P 500 UCITS ETF (NL) (IUSA NA),0
871,295720,2020-08-17,VEUR NA,IE00B945VV12,,1900-01-01,0,EUR,28.769,6808,1,1,195859.35,195859.35,198698.29,Aandelen Nederland,158105,Vanguard FTSE Developed Europe,0
872,295720,2020-08-17,EUR,,,1900-01-01,0,EUR,0,35159.48,1,0,35159.48,35159.48,0,,1234,,0
916,295720,2020-09-17,AEX,,PUT,2020-12-18,480,EUR,7.36,3,1,100,2208,2208,2313,Indexopties,103242,AEX P DEC 2020 480.00,0
917,295720,2020-09-17,AEX,,PUT,2020-12-18,500,EUR,10.42,4,1,100,4168,4168,4148,Indexopties,103242,AEX  P DEC 2020 500.00,0
918,295720,2020-09-17,EMIM NA,IE00BKM4GZ66,,1900-01-01,0,EUR,25.739,8184,1,1,210647.98,210647.98,209264.88,Aandelen Nederland,163902,iShares Core MSCI Emerging Markets IMI,0
919,295720,2020-09-17,IBTE LN,IE00BDFK1573,,1900-01-01,0,EUR,5.104,29500,1,1,150568,150568,150582.75,Aandelen Engeland,171287,iShares $ Treasury Bond 1-3yr (EUR) Hdg,0
920,295720,2020-09-17,ISSP,IE0031442068,,1900-01-01,0,EUR,28.313,7413,1,1,209884.27,209884.27,211707.87,Aandelen Nederland,44532,iShares S&P 500 UCITS ETF (NL) (IUSA NA),0
921,295720,2020-09-17,ISSP,,DIV,1900-01-01,0,USD,0.12,7413,1.1846299999999998,1,750.92,889.56,754.01,Dividenden,,div. iShares S&P 500 UCITS ETF (NL) (IUS,0
922,295720,2020-09-17,VEUR NA,IE00B945VV12,,1900-01-01,0,EUR,28.909,6808,1,1,196812.47,196812.47,198698.29,Aandelen Nederland,158105,Vanguard FTSE Developed Europe,0
923,295720,2020-09-17,EUR,,,1900-01-01,0,EUR,0,35159.48,1,0,35159.48,35159.48,0,,1234,,0
819,295720,2020-09-11,AEX,,PUT,2020-12-18,480,EUR,8.2,3,1,100,2460,2460,2313,Indexopties,103242,AEX P DEC 2020 480.00,0
820,295720,2020-09-11,AEX,,PUT,2020-12-18,500,EUR,11.47,4,1,100,4588,4588,4148,Indexopties,103242,AEX  P DEC 2020 500.00,0
821,295720,2020-09-11,EMIM NA,IE00BKM4GZ66,,1900-01-01,0,EUR,25.302,8184,1,1,207071.57,207071.57,209264.88,Aandelen Nederland,163902,iShares Core MSCI Emerging Markets IMI,0
822,295720,2020-09-11,IBTE LN,IE00BDFK1573,,1900-01-01,0,EUR,5.1045,29500,1,1,150582.75,150582.75,150582.75,Aandelen Engeland,171287,iShares $ Treasury Bond 1-3yr (EUR) Hdg,0
823,295720,2020-09-11,ISSP,IE0031442068,,1900-01-01,0,EUR,28.256,7413,1,1,209461.73,209461.73,211707.87,Aandelen Nederland,44532,iShares S&P 500 UCITS ETF (NL) (IUSA NA),0
824,295720,2020-09-11,VEUR NA,IE00B945VV12,,1900-01-01,0,EUR,28.661,6808,1,1,195124.09,195124.09,198698.29,Aandelen Nederland,158105,Vanguard FTSE Developed Europe,0
825,295720,2020-09-11,EUR,,,1900-01-01,0,EUR,0,35159.48,1,0,35159.48,35159.48,0,,1234,,0
871,295720,2020-08-19,AEX,,PUT,2020-12-18,480,EUR,8.46,3,1,100,2538,2538,2313,Indexopties,103242,AEX P DEC 2020 480.00,0
872,295720,2020-08-19,AEX,,PUT,2020-12-18,500,EUR,11.47,4,1,100,4588,4588,4148,Indexopties,103242,AEX  P DEC 2020 500.00,0
873,295720,2020-08-19,EMIM NA,IE00BKM4GZ66,,1900-01-01,0,EUR,25.371,8184,1,1,207636.26,207636.26,209264.88,Aandelen Nederland,163902,iShares Core MSCI Emerging Markets IMI,0
874,295720,2020-08-19,IBTE LN,IE00BDFK1573,,1900-01-01,0,EUR,5.106,29500,1,1,150627,150627,150582.75,Aandelen Engeland,171287,iShares $ Treasury Bond 1-3yr (EUR) Hdg,0
875,295720,2020-08-19,ISSP,IE0031442068,,1900-01-01,0,EUR,28.482,7413,1,1,211137.07,211137.07,211707.87,Aandelen Nederland,44532,iShares S&P 500 UCITS ETF (NL) (IUSA NA),0
876,295720,2020-08-19,VEUR NA,IE00B945VV12,,1900-01-01,0,EUR,28.818,6808,1,1,196192.94,196192.94,198698.29,Aandelen Nederland,158105,Vanguard FTSE Developed Europe,0
877,295720,2020-08-19,EUR,,,1900-01-01,0,EUR,0,35159.48,1,0,35159.48,35159.48,0,,1234,,0
869,295720,2020-08-24,AEX,,PUT,2020-12-18,480,EUR,8.15,3,1,100,2445,2445,2313,Indexopties,103242,AEX P DEC 2020 480.00,0
870,295720,2020-08-24,AEX,,PUT,2020-12-18,500,EUR,11.08,4,1,100,4432,4432,4148,Indexopties,103242,AEX  P DEC 2020 500.00,0
871,295720,2020-08-24,EMIM NA,IE00BKM4GZ66,,1900-01-01,0,EUR,25.635,8184,1,1,209796.84,209796.84,209264.88,Aandelen Nederland,163902,iShares Core MSCI Emerging Markets IMI,0
872,295720,2020-08-24,IBTE LN,IE00BDFK1573,,1900-01-01,0,EUR,5.106,29500,1,1,150627,150627,150582.75,Aandelen Engeland,171287,iShares $ Treasury Bond 1-3yr (EUR) Hdg,0
873,295720,2020-08-24,ISSP,IE0031442068,,1900-01-01,0,EUR,28.908,7413,1,1,214295,214295,211707.87,Aandelen Nederland,44532,iShares S&P 500 UCITS ETF (NL) (IUSA NA),0
874,295720,2020-08-24,VEUR NA,IE00B945VV12,,1900-01-01,0,EUR,28.935,6808,1,1,196989.48,196989.48,198698.29,Aandelen Nederland,158105,Vanguard FTSE Developed Europe,0
875,295720,2020-08-24,EUR,,,1900-01-01,0,EUR,0,35159.48,1,0,35159.48,35159.48,0,,1234,,0
1051,295720,2020-09-24,AEX,,PUT,2020-12-18,480,EUR,9.95,3,1,100,2985,2985,2313,Indexopties,103242,AEX P DEC 2020 480.00,0
1052,295720,2020-09-24,AEX,,PUT,2020-12-18,500,EUR,13.91,4,1,100,5564,5564,4148,Indexopties,103242,AEX  P DEC 2020 500.00,0
1053,295720,2020-09-24,EMIM NA,IE00BKM4GZ66,,1900-01-01,0,EUR,24.944,8184,1,1,204141.7,204141.7,209264.88,Aandelen Nederland,163902,iShares Core MSCI Emerging Markets IMI,0
1054,295720,2020-09-24,IBTE LN,IE00BDFK1573,,1900-01-01,0,EUR,5.104,29500,1,1,150568,150568,150582.75,Aandelen Engeland,171287,iShares $ Treasury Bond 1-3yr (EUR) Hdg,0
1055,295720,2020-09-24,ISSP,IE0031442068,,1900-01-01,0,EUR,27.723,7413,1,1,205510.6,205510.6,211707.87,Aandelen Nederland,44532,iShares S&P 500 UCITS ETF (NL) (IUSA NA),0
1056,295720,2020-09-24,ISSP,,DIV,1900-01-01,0,USD,0.12,7413,1.1672799999999999,1,762.08,889.56,754.01,Dividenden,,div. iShares S&P 500 UCITS ETF (NL) (IUS,0
1057,295720,2020-09-24,VEUR NA,IE00B945VV12,,1900-01-01,0,EUR,27.575,6808,1,1,187730.6,187730.6,198698.29,Aandelen Nederland,158105,Vanguard FTSE Developed Europe,0
1058,295720,2020-09-24,VEUR NA,,DIV,1900-01-01,0,EUR,0.19568,6808,1,1,1332.19,1332.19,1332.19,Dividenden,,DIV Vanguard FTSE Developed Europe,0
1059,295720,2020-09-24,EUR,,,1900-01-01,0,EUR,0,35159.48,1,0,35159.48,35159.48,0,,1234,,0
865,295720,2020-08-13,AEX,,PUT,2020-12-18,480,EUR,8.21,3,1,100,2463,2463,2313,Indexopties,103242,AEX P DEC 2020 480.00,0
866,295720,2020-08-13,AEX,,PUT,2020-12-18,500,EUR,11.01,4,1,100,4404,4404,4148,Indexopties,103242,AEX  P DEC 2020 500.00,0
867,295720,2020-08-13,EMIM NA,IE00BKM4GZ66,,1900-01-01,0,EUR,25.408,8184,1,1,207939.07,207939.07,209264.88,Aandelen Nederland,163902,iShares Core MSCI Emerging Markets IMI,0
868,295720,2020-08-13,IBTE LN,IE00BDFK1573,,1900-01-01,0,EUR,5.1045,29500,1,1,150582.75,150582.75,150582.75,Aandelen Engeland,171287,iShares $ Treasury Bond 1-3yr (EUR) Hdg,0
869,295720,2020-08-13,ISSP,IE0031442068,,1900-01-01,0,EUR,28.501,7413,1,1,211277.91,211277.91,211707.87,Aandelen Nederland,44532,iShares S&P 500 UCITS ETF (NL) (IUSA NA),0
870,295720,2020-08-13,VEUR NA,IE00B945VV12,,1900-01-01,0,EUR,29.024,6808,1,1,197595.39,197595.39,198698.29,Aandelen Nederland,158105,Vanguard FTSE Developed Europe,0
871,295720,2020-08-13,EUR,,,1900-01-01,0,EUR,0,35159.48,1,0,35159.48,35159.48,0,,1234,,0
827,295720,2020-09-01,AEX,,PUT,2020-12-18,480,EUR,10.48,3,1,100,3144,3144,2313,Indexopties,103242,AEX P DEC 2020 480.00,0
828,295720,2020-09-01,AEX,,PUT,2020-12-18,500,EUR,14.05,4,1,100,5620,5620,4148,Indexopties,103242,AEX  P DEC 2020 500.00,0
829,295720,2020-09-01,EMIM NA,IE00BKM4GZ66,,1900-01-01,0,EUR,25.608,8184,1,1,209575.87,209575.87,209264.88,Aandelen Nederland,163902,iShares Core MSCI Emerging Markets IMI,0
830,295720,2020-09-01,IBTE LN,IE00BDFK1573,,1900-01-01,0,EUR,5.107,29500,1,1,150656.5,150656.5,150582.75,Aandelen Engeland,171287,iShares $ Treasury Bond 1-3yr (EUR) Hdg,0
831,295720,2020-09-01,ISSP,IE0031442068,,1900-01-01,0,EUR,29.31,7413,1,1,217275.03,217275.03,211707.87,Aandelen Nederland,44532,iShares S&P 500 UCITS ETF (NL) (IUSA NA),0
832,295720,2020-09-01,VEUR NA,IE00B945VV12,,1900-01-01,0,EUR,28.437,6808,1,1,193599.1,193599.1,198698.29,Aandelen Nederland,158105,Vanguard FTSE Developed Europe,0
833,295720,2020-09-01,EUR,,,1900-01-01,0,EUR,0,35159.48,1,0,35159.48,35159.48,0,,1234,,0
819,295720,2020-09-15,AEX,,PUT,2020-12-18,480,EUR,6.99,3,1,100,2097,2097,2313,Indexopties,103242,AEX P DEC 2020 480.00,0
820,295720,2020-09-15,AEX,,PUT,2020-12-18,500,EUR,9.87,4,1,100,3948,3948,4148,Indexopties,103242,AEX  P DEC 2020 500.00,0
821,295720,2020-09-15,EMIM NA,IE00BKM4GZ66,,1900-01-01,0,EUR,25.901,8184,1,1,211973.78,211973.78,209264.88,Aandelen Nederland,163902,iShares Core MSCI Emerging Markets IMI,0
822,295720,2020-09-15,IBTE LN,IE00BDFK1573,,1900-01-01,0,EUR,5.1035,29500,1,1,150553.25,150553.25,150582.75,Aandelen Engeland,171287,iShares $ Treasury Bond 1-3yr (EUR) Hdg,0
823,295720,2020-09-15,ISSP,IE0031442068,,1900-01-01,0,EUR,28.774,7413,1,1,213301.66,213301.66,211707.87,Aandelen Nederland,44532,iShares S&P 500 UCITS ETF (NL) (IUSA NA),0
824,295720,2020-09-15,VEUR NA,IE00B945VV12,,1900-01-01,0,EUR,28.908,6808,1,1,196805.66,196805.66,198698.29,Aandelen Nederland,158105,Vanguard FTSE Developed Europe,0
825,295720,2020-09-15,EUR,,,1900-01-01,0,EUR,0,35159.48,1,0,35159.48,35159.48,0,,1234,,0
906,295720,2020-09-20,AEX,,PUT,2020-12-18,480,EUR,7.38,3,1,100,2214,2214,2313,Indexopties,103242,AEX P DEC 2020 480.00,0
907,295720,2020-09-20,AEX,,PUT,2020-12-18,500,EUR,10.48,4,1,100,4192,4192,4148,Indexopties,103242,AEX  P DEC 2020 500.00,0
908,295720,2020-09-20,EMIM NA,IE00BKM4GZ66,,1900-01-01,0,EUR,25.642,8184,1,1,209854.13,209854.13,209264.88,Aandelen Nederland,163902,iShares Core MSCI Emerging Markets IMI,0
909,295720,2020-09-20,IBTE LN,IE00BDFK1573,,1900-01-01,0,EUR,5.104,29500,1,1,150568,150568,150582.75,Aandelen Engeland,171287,iShares $ Treasury Bond 1-3yr (EUR) Hdg,0
910,295720,2020-09-20,ISSP,IE0031442068,,1900-01-01,0,EUR,27.961,7413,1,1,207274.89,207274.89,211707.87,Aandelen Nederland,44532,iShares S&P 500 UCITS ETF (NL) (IUSA NA),0
911,295720,2020-09-20,ISSP,,DIV,1900-01-01,0,USD,0.12,7413,1.18474,1,750.85,889.56,754.01,Dividenden,,div. iShares S&P 500 UCITS ETF (NL) (IUS,0
912,295720,2020-09-20,VEUR NA,IE00B945VV12,,1900-01-01,0,EUR,28.749,6808,1,1,195723.19,195723.19,198698.29,Aandelen Nederland,158105,Vanguard FTSE Developed Europe,0
913,295720,2020-09-20,EUR,,,1900-01-01,0,EUR,0,35159.48,1,0,35159.48,35159.48,0,,1234,,0
868,295720,2020-08-21,AEX,,PUT,2020-12-18,480,EUR,9.8,3,1,100,2940,2940,2313,Indexopties,103242,AEX P DEC 2020 480.00,0
869,295720,2020-08-21,AEX,,PUT,2020-12-18,500,EUR,13.26,4,1,100,5304,5304,4148,Indexopties,103242,AEX  P DEC 2020 500.00,0
870,295720,2020-08-21,EMIM NA,IE00BKM4GZ66,,1900-01-01,0,EUR,25.412,8184,1,1,207971.81,207971.81,209264.88,Aandelen Nederland,163902,iShares Core MSCI Emerging Markets IMI,0
871,295720,2020-08-21,IBTE LN,IE00BDFK1573,,1900-01-01,0,EUR,5.105,29500,1,1,150597.5,150597.5,150582.75,Aandelen Engeland,171287,iShares $ Treasury Bond 1-3yr (EUR) Hdg,0
872,295720,2020-08-21,ISSP,IE0031442068,,1900-01-01,0,EUR,28.664,7413,1,1,212486.23,212486.23,211707.87,Aandelen Nederland,44532,iShares S&P 500 UCITS ETF (NL) (IUSA NA),0
873,295720,2020-08-21,VEUR NA,IE00B945VV12,,1900-01-01,0,EUR,28.466,6808,1,1,193796.53,193796.53,198698.29,Aandelen Nederland,158105,Vanguard FTSE Developed Europe,0
874,295720,2020-08-21,EUR,,,1900-01-01,0,EUR,0,35159.48,1,0,35159.48,35159.48,0,,1234,,0
819,295720,2020-09-12,AEX,,PUT,2020-12-18,480,EUR,8.2,3,1,100,2460,2460,2313,Indexopties,103242,AEX P DEC 2020 480.00,0
820,295720,2020-09-12,AEX,,PUT,2020-12-18,500,EUR,11.47,4,1,100,4588,4588,4148,Indexopties,103242,AEX  P DEC 2020 500.00,0
821,295720,2020-09-12,EMIM NA,IE00BKM4GZ66,,1900-01-01,0,EUR,25.302,8184,1,1,207071.57,207071.57,209264.88,Aandelen Nederland,163902,iShares Core MSCI Emerging Markets IMI,0
822,295720,2020-09-12,IBTE LN,IE00BDFK1573,,1900-01-01,0,EUR,5.1045,29500,1,1,150582.75,150582.75,150582.75,Aandelen Engeland,171287,iShares $ Treasury Bond 1-3yr (EUR) Hdg,0
823,295720,2020-09-12,ISSP,IE0031442068,,1900-01-01,0,EUR,28.256,7413,1,1,209461.73,209461.73,211707.87,Aandelen Nederland,44532,iShares S&P 500 UCITS ETF (NL) (IUSA NA),0
824,295720,2020-09-12,VEUR NA,IE00B945VV12,,1900-01-01,0,EUR,28.661,6808,1,1,195124.09,195124.09,198698.29,Aandelen Nederland,158105,Vanguard FTSE Developed Europe,0
825,295720,2020-09-12,EUR,,,1900-01-01,0,EUR,0,35159.48,1,0,35159.48,35159.48,0,,1234,,0
864,295720,2020-09-16,AEX,,PUT,2020-12-18,480,EUR,6.72,3,1,100,2016,2016,2313,Indexopties,103242,AEX P DEC 2020 480.00,0
865,295720,2020-09-16,AEX,,PUT,2020-12-18,500,EUR,9.5,4,1,100,3800,3800,4148,Indexopties,103242,AEX  P DEC 2020 500.00,0
866,295720,2020-09-16,EMIM NA,IE00BKM4GZ66,,1900-01-01,0,EUR,26.023,8184,1,1,212972.23,212972.23,209264.88,Aandelen Nederland,163902,iShares Core MSCI Emerging Markets IMI,0
867,295720,2020-09-16,IBTE LN,IE00BDFK1573,,1900-01-01,0,EUR,5.1045,29500,1,1,150582.75,150582.75,150582.75,Aandelen Engeland,171287,iShares $ Treasury Bond 1-3yr (EUR) Hdg,0
868,295720,2020-09-16,ISSP,IE0031442068,,1900-01-01,0,EUR,28.841,7413,1,1,213798.33,213798.33,211707.87,Aandelen Nederland,44532,iShares S&P 500 UCITS ETF (NL) (IUSA NA),0
869,295720,2020-09-16,VEUR NA,IE00B945VV12,,1900-01-01,0,EUR,29.069,6808,1,1,197901.75,197901.75,198698.29,Aandelen Nederland,158105,Vanguard FTSE Developed Europe,0
870,295720,2020-09-16,EUR,,,1900-01-01,0,EUR,0,35159.48,1,0,35159.48,35159.48,0,,1234,,0
821,295720,2020-09-09,AEX,,PUT,2020-12-18,480,EUR,9.13,3,1,100,2739,2739,2313,Indexopties,103242,AEX P DEC 2020 480.00,0
822,295720,2020-09-09,AEX,,PUT,2020-12-18,500,EUR,12.51,4,1,100,5004,5004,4148,Indexopties,103242,AEX  P DEC 2020 500.00,0
823,295720,2020-09-09,EMIM NA,IE00BKM4GZ66,,1900-01-01,0,EUR,25.344,8184,1,1,207415.3,207415.3,209264.88,Aandelen Nederland,163902,iShares Core MSCI Emerging Markets IMI,0
824,295720,2020-09-09,IBTE LN,IE00BDFK1573,,1900-01-01,0,EUR,5.1035,29500,1,1,150553.25,150553.25,150582.75,Aandelen Engeland,171287,iShares $ Treasury Bond 1-3yr (EUR) Hdg,0
825,295720,2020-09-09,ISSP,IE0031442068,,1900-01-01,0,EUR,28.709,7413,1,1,212819.82,212819.82,211707.87,Aandelen Nederland,44532,iShares S&P 500 UCITS ETF (NL) (IUSA NA),0
826,295720,2020-09-09,VEUR NA,IE00B945VV12,,1900-01-01,0,EUR,28.806,6808,1,1,196111.25,196111.25,198698.29,Aandelen Nederland,158105,Vanguard FTSE Developed Europe,0
827,295720,2020-09-09,EUR,,,1900-01-01,0,EUR,0,35159.48,1,0,35159.48,35159.48,0,,1234,,0
866,295720,2020-08-15,AEX,,PUT,2020-12-18,480,EUR,9.67,3,1,100,2901,2901,2313,Indexopties,103242,AEX P DEC 2020 480.00,0
867,295720,2020-08-15,AEX,,PUT,2020-12-18,500,EUR,12.88,4,1,100,5152,5152,4148,Indexopties,103242,AEX  P DEC 2020 500.00,0
868,295720,2020-08-15,EMIM NA,IE00BKM4GZ66,,1900-01-01,0,EUR,25.357,8184,1,1,207521.69,207521.69,209264.88,Aandelen Nederland,163902,iShares Core MSCI Emerging Markets IMI,0
869,295720,2020-08-15,IBTE LN,IE00BDFK1573,,1900-01-01,0,EUR,5.1045,29500,1,1,150582.75,150582.75,150582.75,Aandelen Engeland,171287,iShares $ Treasury Bond 1-3yr (EUR) Hdg,0
870,295720,2020-08-15,ISSP,IE0031442068,,1900-01-01,0,EUR,28.459,7413,1,1,210966.57,210966.57,211707.87,Aandelen Nederland,44532,iShares S&P 500 UCITS ETF (NL) (IUSA NA),0
871,295720,2020-08-15,VEUR NA,IE00B945VV12,,1900-01-01,0,EUR,28.676,6808,1,1,195226.21,195226.21,198698.29,Aandelen Nederland,158105,Vanguard FTSE Developed Europe,0
872,295720,2020-08-15,EUR,,,1900-01-01,0,EUR,0,35159.48,1,0,35159.48,35159.48,0,,1234,,0
819,295720,2020-09-13,AEX,,PUT,2020-12-18,480,EUR,8.2,3,1,100,2460,2460,2313,Indexopties,103242,AEX P DEC 2020 480.00,0
820,295720,2020-09-13,AEX,,PUT,2020-12-18,500,EUR,11.47,4,1,100,4588,4588,4148,Indexopties,103242,AEX  P DEC 2020 500.00,0
821,295720,2020-09-13,EMIM NA,IE00BKM4GZ66,,1900-01-01,0,EUR,25.302,8184,1,1,207071.57,207071.57,209264.88,Aandelen Nederland,163902,iShares Core MSCI Emerging Markets IMI,0
822,295720,2020-09-13,IBTE LN,IE00BDFK1573,,1900-01-01,0,EUR,5.1045,29500,1,1,150582.75,150582.75,150582.75,Aandelen Engeland,171287,iShares $ Treasury Bond 1-3yr (EUR) Hdg,0
823,295720,2020-09-13,ISSP,IE0031442068,,1900-01-01,0,EUR,28.256,7413,1,1,209461.73,209461.73,211707.87,Aandelen Nederland,44532,iShares S&P 500 UCITS ETF (NL) (IUSA NA),0
824,295720,2020-09-13,VEUR NA,IE00B945VV12,,1900-01-01,0,EUR,28.661,6808,1,1,195124.09,195124.09,198698.29,Aandelen Nederland,158105,Vanguard FTSE Developed Europe,0
825,295720,2020-09-13,EUR,,,1900-01-01,0,EUR,0,35159.48,1,0,35159.48,35159.48,0,,1234,,0
906,295720,2020-09-19,AEX,,PUT,2020-12-18,480,EUR,7.38,3,1,100,2214,2214,2313,Indexopties,103242,AEX P DEC 2020 480.00,0
907,295720,2020-09-19,AEX,,PUT,2020-12-18,500,EUR,10.48,4,1,100,4192,4192,4148,Indexopties,103242,AEX  P DEC 2020 500.00,0
908,295720,2020-09-19,EMIM NA,IE00BKM4GZ66,,1900-01-01,0,EUR,25.642,8184,1,1,209854.13,209854.13,209264.88,Aandelen Nederland,163902,iShares Core MSCI Emerging Markets IMI,0
909,295720,2020-09-19,IBTE LN,IE00BDFK1573,,1900-01-01,0,EUR,5.104,29500,1,1,150568,150568,150582.75,Aandelen Engeland,171287,iShares $ Treasury Bond 1-3yr (EUR) Hdg,0
910,295720,2020-09-19,ISSP,IE0031442068,,1900-01-01,0,EUR,27.961,7413,1,1,207274.89,207274.89,211707.87,Aandelen Nederland,44532,iShares S&P 500 UCITS ETF (NL) (IUSA NA),0
911,295720,2020-09-19,ISSP,,DIV,1900-01-01,0,USD,0.12,7413,1.18474,1,750.85,889.56,754.01,Dividenden,,div. iShares S&P 500 UCITS ETF (NL) (IUS,0
912,295720,2020-09-19,VEUR NA,IE00B945VV12,,1900-01-01,0,EUR,28.749,6808,1,1,195723.19,195723.19,198698.29,Aandelen Nederland,158105,Vanguard FTSE Developed Europe,0
913,295720,2020-09-19,EUR,,,1900-01-01,0,EUR,0,35159.48,1,0,35159.48,35159.48,0,,1234,,0
834,295720,2020-08-30,AEX,,PUT,2020-12-18,480,EUR,9.68,3,1,100,2904,2904,2313,Indexopties,103242,AEX P DEC 2020 480.00,0
835,295720,2020-08-30,AEX,,PUT,2020-12-18,500,EUR,12.92,4,1,100,5168,5168,4148,Indexopties,103242,AEX  P DEC 2020 500.00,0
836,295720,2020-08-30,EMIM NA,IE00BKM4GZ66,,1900-01-01,0,EUR,25.901,8184,1,1,211973.78,211973.78,209264.88,Aandelen Nederland,163902,iShares Core MSCI Emerging Markets IMI,0
837,295720,2020-08-30,IBTE LN,IE00BDFK1573,,1900-01-01,0,EUR,5.1065,29500,1,1,150641.75,150641.75,150582.75,Aandelen Engeland,171287,iShares $ Treasury Bond 1-3yr (EUR) Hdg,0
838,295720,2020-08-30,ISSP,IE0031442068,,1900-01-01,0,EUR,29.289,7413,1,1,217119.36,217119.36,211707.87,Aandelen Nederland,44532,iShares S&P 500 UCITS ETF (NL) (IUSA NA),0
839,295720,2020-08-30,VEUR NA,IE00B945VV12,,1900-01-01,0,EUR,28.717,6808,1,1,195505.34,195505.34,198698.29,Aandelen Nederland,158105,Vanguard FTSE Developed Europe,0
840,295720,2020-08-30,EUR,,,1900-01-01,0,EUR,0,35159.48,1,0,35159.48,35159.48,0,,1234,,0
1052,295720,2020-09-25,AEX,,PUT,2020-12-18,480,EUR,9.66,3,1,100,2898,2898,2313,Indexopties,103242,AEX P DEC 2020 480.00,0
1053,295720,2020-09-25,AEX,,PUT,2020-12-18,500,EUR,13.66,4,1,100,5464,5464,4148,Indexopties,103242,AEX  P DEC 2020 500.00,0
1054,295720,2020-09-25,EMIM NA,IE00BKM4GZ66,,1900-01-01,0,EUR,24.876,8184,1,1,203585.18,203585.18,209264.88,Aandelen Nederland,163902,iShares Core MSCI Emerging Markets IMI,0
1055,295720,2020-09-25,IBTE LN,IE00BDFK1573,,1900-01-01,0,EUR,5.104,29500,1,1,150568,150568,150582.75,Aandelen Engeland,171287,iShares $ Treasury Bond 1-3yr (EUR) Hdg,0
1056,295720,2020-09-25,ISSP,IE0031442068,,1900-01-01,0,EUR,27.991,7413,1,1,207497.28,207497.28,211707.87,Aandelen Nederland,44532,iShares S&P 500 UCITS ETF (NL) (IUSA NA),0
1057,295720,2020-09-25,ISSP,,DIV,1900-01-01,0,USD,0.12,7413,1.16266,1,765.11,889.56,754.01,Dividenden,,div. iShares S&P 500 UCITS ETF (NL) (IUS,0
1058,295720,2020-09-25,VEUR NA,IE00B945VV12,,1900-01-01,0,EUR,27.524,6808,1,1,187383.39,187383.39,198698.29,Aandelen Nederland,158105,Vanguard FTSE Developed Europe,0
1059,295720,2020-09-25,VEUR NA,,DIV,1900-01-01,0,EUR,0.19568,6808,1,1,1332.19,1332.19,1332.19,Dividenden,,DIV Vanguard FTSE Developed Europe,0
1060,295720,2020-09-25,EUR,,,1900-01-01,0,EUR,0,35159.48,1,0,35159.48,35159.48,0,,1234,,0
868,295720,2020-08-23,AEX,,PUT,2020-12-18,480,EUR,9.8,3,1,100,2940,2940,2313,Indexopties,103242,AEX P DEC 2020 480.00,0
869,295720,2020-08-23,AEX,,PUT,2020-12-18,500,EUR,13.26,4,1,100,5304,5304,4148,Indexopties,103242,AEX  P DEC 2020 500.00,0
870,295720,2020-08-23,EMIM NA,IE00BKM4GZ66,,1900-01-01,0,EUR,25.412,8184,1,1,207971.81,207971.81,209264.88,Aandelen Nederland,163902,iShares Core MSCI Emerging Markets IMI,0
871,295720,2020-08-23,IBTE LN,IE00BDFK1573,,1900-01-01,0,EUR,5.105,29500,1,1,150597.5,150597.5,150582.75,Aandelen Engeland,171287,iShares $ Treasury Bond 1-3yr (EUR) Hdg,0
872,295720,2020-08-23,ISSP,IE0031442068,,1900-01-01,0,EUR,28.664,7413,1,1,212486.23,212486.23,211707.87,Aandelen Nederland,44532,iShares S&P 500 UCITS ETF (NL) (IUSA NA),0
873,295720,2020-08-23,VEUR NA,IE00B945VV12,,1900-01-01,0,EUR,28.466,6808,1,1,193796.53,193796.53,198698.29,Aandelen Nederland,158105,Vanguard FTSE Developed Europe,0
874,295720,2020-08-23,EUR,,,1900-01-01,0,EUR,0,35159.48,1,0,35159.48,35159.48,0,,1234,,0
819,295720,2020-09-14,AEX,,PUT,2020-12-18,480,EUR,7.49,3,1,100,2247,2247,2313,Indexopties,103242,AEX P DEC 2020 480.00,0
820,295720,2020-09-14,AEX,,PUT,2020-12-18,500,EUR,10.62,4,1,100,4248,4248,4148,Indexopties,103242,AEX  P DEC 2020 500.00,0
821,295720,2020-09-14,EMIM NA,IE00BKM4GZ66,,1900-01-01,0,EUR,25.535,8184,1,1,208978.44,208978.44,209264.88,Aandelen Nederland,163902,iShares Core MSCI Emerging Markets IMI,0
822,295720,2020-09-14,IBTE LN,IE00BDFK1573,,1900-01-01,0,EUR,5.1045,29500,1,1,150582.75,150582.75,150582.75,Aandelen Engeland,171287,iShares $ Treasury Bond 1-3yr (EUR) Hdg,0
823,295720,2020-09-14,ISSP,IE0031442068,,1900-01-01,0,EUR,28.553,7413,1,1,211663.39,211663.39,211707.87,Aandelen Nederland,44532,iShares S&P 500 UCITS ETF (NL) (IUSA NA),0
824,295720,2020-09-14,VEUR NA,IE00B945VV12,,1900-01-01,0,EUR,28.728,6808,1,1,195580.22,195580.22,198698.29,Aandelen Nederland,158105,Vanguard FTSE Developed Europe,0
825,295720,2020-09-14,EUR,,,1900-01-01,0,EUR,0,35159.48,1,0,35159.48,35159.48,0,,1234,,0
819,295720,2020-09-10,AEX,,PUT,2020-12-18,480,EUR,9.03,3,1,100,2709,2709,2313,Indexopties,103242,AEX P DEC 2020 480.00,0
820,295720,2020-09-10,AEX,,PUT,2020-12-18,500,EUR,12.45,4,1,100,4980,4980,4148,Indexopties,103242,AEX  P DEC 2020 500.00,0
821,295720,2020-09-10,EMIM NA,IE00BKM4GZ66,,1900-01-01,0,EUR,25.215,8184,1,1,206359.56,206359.56,209264.88,Aandelen Nederland,163902,iShares Core MSCI Emerging Markets IMI,0
822,295720,2020-09-10,IBTE LN,IE00BDFK1573,,1900-01-01,0,EUR,5.1035,29500,1,1,150553.25,150553.25,150582.75,Aandelen Engeland,171287,iShares $ Treasury Bond 1-3yr (EUR) Hdg,0
823,295720,2020-09-10,ISSP,IE0031442068,,1900-01-01,0,EUR,28.587,7413,1,1,211915.43,211915.43,211707.87,Aandelen Nederland,44532,iShares S&P 500 UCITS ETF (NL) (IUSA NA),0
824,295720,2020-09-10,VEUR NA,IE00B945VV12,,1900-01-01,0,EUR,28.629,6808,1,1,194906.23,194906.23,198698.29,Aandelen Nederland,158105,Vanguard FTSE Developed Europe,0
825,295720,2020-09-10,EUR,,,1900-01-01,0,EUR,0,35159.48,1,0,35159.48,35159.48,0,,1234,,0
826,295720,2020-09-06,AEX,,PUT,2020-12-18,480,EUR,14,3,1,100,4200,4200,2313,Indexopties,103242,AEX P DEC 2020 480.00,0
827,295720,2020-09-06,AEX,,PUT,2020-12-18,500,EUR,18.43,4,1,100,7372,7372,4148,Indexopties,103242,AEX  P DEC 2020 500.00,0
828,295720,2020-09-06,EMIM NA,IE00BKM4GZ66,,1900-01-01,0,EUR,25.311,8184,1,1,207145.22,207145.22,209264.88,Aandelen Nederland,163902,iShares Core MSCI Emerging Markets IMI,0
829,295720,2020-09-06,IBTE LN,IE00BDFK1573,,1900-01-01,0,EUR,5.104,29500,1,1,150568,150568,150582.75,Aandelen Engeland,171287,iShares $ Treasury Bond 1-3yr (EUR) Hdg,0
830,295720,2020-09-06,ISSP,IE0031442068,,1900-01-01,0,EUR,28.498,7413,1,1,211255.67,211255.67,211707.87,Aandelen Nederland,44532,iShares S&P 500 UCITS ETF (NL) (IUSA NA),0
831,295720,2020-09-06,VEUR NA,IE00B945VV12,,1900-01-01,0,EUR,28.174,6808,1,1,191808.59,191808.59,198698.29,Aandelen Nederland,158105,Vanguard FTSE Developed Europe,0
832,295720,2020-09-06,EUR,,,1900-01-01,0,EUR,0,35159.48,1,0,35159.48,35159.48,0,,1234,,0
835,295720,2020-08-27,AEX,,PUT,2020-12-18,480,EUR,8.45,3,1,100,2535,2535,2313,Indexopties,103242,AEX P DEC 2020 480.00,0
836,295720,2020-08-27,AEX,,PUT,2020-12-18,500,EUR,11.36,4,1,100,4544,4544,4148,Indexopties,103242,AEX  P DEC 2020 500.00,0
837,295720,2020-08-27,EMIM NA,IE00BKM4GZ66,,1900-01-01,0,EUR,25.81,8184,1,1,211229.04,211229.04,209264.88,Aandelen Nederland,163902,iShares Core MSCI Emerging Markets IMI,0
838,295720,2020-08-27,IBTE LN,IE00BDFK1573,,1900-01-01,0,EUR,5.1045,29500,1,1,150582.75,150582.75,150582.75,Aandelen Engeland,171287,iShares $ Treasury Bond 1-3yr (EUR) Hdg,0
839,295720,2020-08-27,ISSP,IE0031442068,,1900-01-01,0,EUR,29.536,7413,1,1,218950.37,218950.37,211707.87,Aandelen Nederland,44532,iShares S&P 500 UCITS ETF (NL) (IUSA NA),0
840,295720,2020-08-27,VEUR NA,IE00B945VV12,,1900-01-01,0,EUR,28.831,6808,1,1,196281.45,196281.45,198698.29,Aandelen Nederland,158105,Vanguard FTSE Developed Europe,0
841,295720,2020-08-27,EUR,,,1900-01-01,0,EUR,0,35159.48,1,0,35159.48,35159.48,0,,1234,,0
834,295720,2020-08-29,AEX,,PUT,2020-12-18,480,EUR,9.68,3,1,100,2904,2904,2313,Indexopties,103242,AEX P DEC 2020 480.00,0
835,295720,2020-08-29,AEX,,PUT,2020-12-18,500,EUR,12.92,4,1,100,5168,5168,4148,Indexopties,103242,AEX  P DEC 2020 500.00,0
836,295720,2020-08-29,EMIM NA,IE00BKM4GZ66,,1900-01-01,0,EUR,25.901,8184,1,1,211973.78,211973.78,209264.88,Aandelen Nederland,163902,iShares Core MSCI Emerging Markets IMI,0
837,295720,2020-08-29,IBTE LN,IE00BDFK1573,,1900-01-01,0,EUR,5.1065,29500,1,1,150641.75,150641.75,150582.75,Aandelen Engeland,171287,iShares $ Treasury Bond 1-3yr (EUR) Hdg,0
838,295720,2020-08-29,ISSP,IE0031442068,,1900-01-01,0,EUR,29.289,7413,1,1,217119.36,217119.36,211707.87,Aandelen Nederland,44532,iShares S&P 500 UCITS ETF (NL) (IUSA NA),0
839,295720,2020-08-29,VEUR NA,IE00B945VV12,,1900-01-01,0,EUR,28.717,6808,1,1,195505.34,195505.34,198698.29,Aandelen Nederland,158105,Vanguard FTSE Developed Europe,0
840,295720,2020-08-29,EUR,,,1900-01-01,0,EUR,0,35159.48,1,0,35159.48,35159.48,0,,1234,,0
866,295720,2020-08-18,AEX,,PUT,2020-12-18,480,EUR,9.02,3,1,100,2706,2706,2313,Indexopties,103242,AEX P DEC 2020 480.00,0
867,295720,2020-08-18,AEX,,PUT,2020-12-18,500,EUR,12.17,4,1,100,4868,4868,4148,Indexopties,103242,AEX  P DEC 2020 500.00,0
868,295720,2020-08-18,EMIM NA,IE00BKM4GZ66,,1900-01-01,0,EUR,25.301,8184,1,1,207063.38,207063.38,209264.88,Aandelen Nederland,163902,iShares Core MSCI Emerging Markets IMI,0
869,295720,2020-08-18,IBTE LN,IE00BDFK1573,,1900-01-01,0,EUR,5.1065,29500,1,1,150641.75,150641.75,150582.75,Aandelen Engeland,171287,iShares $ Treasury Bond 1-3yr (EUR) Hdg,0
870,295720,2020-08-18,ISSP,IE0031442068,,1900-01-01,0,EUR,28.32,7413,1,1,209936.16,209936.16,211707.87,Aandelen Nederland,44532,iShares S&P 500 UCITS ETF (NL) (IUSA NA),0
871,295720,2020-08-18,VEUR NA,IE00B945VV12,,1900-01-01,0,EUR,28.631,6808,1,1,194919.85,194919.85,198698.29,Aandelen Nederland,158105,Vanguard FTSE Developed Europe,0
872,295720,2020-08-18,EUR,,,1900-01-01,0,EUR,0,35159.48,1,0,35159.48,35159.48,0,,1234,,0
822,295720,2020-09-08,AEX,,PUT,2020-12-18,480,EUR,11.99,3,1,100,3597,3597,2313,Indexopties,103242,AEX P DEC 2020 480.00,0
823,295720,2020-09-08,AEX,,PUT,2020-12-18,500,EUR,16.1,4,1,100,6440,6440,4148,Indexopties,103242,AEX  P DEC 2020 500.00,0
824,295720,2020-09-08,EMIM NA,IE00BKM4GZ66,,1900-01-01,0,EUR,25.253,8184,1,1,206670.55,206670.55,209264.88,Aandelen Nederland,163902,iShares Core MSCI Emerging Markets IMI,0
825,295720,2020-09-08,IBTE LN,IE00BDFK1573,,1900-01-01,0,EUR,5.1045,29500,1,1,150582.75,150582.75,150582.75,Aandelen Engeland,171287,iShares $ Treasury Bond 1-3yr (EUR) Hdg,0
826,295720,2020-09-08,ISSP,IE0031442068,,1900-01-01,0,EUR,28.4,7413,1,1,210529.2,210529.2,211707.87,Aandelen Nederland,44532,iShares S&P 500 UCITS ETF (NL) (IUSA NA),0
827,295720,2020-09-08,VEUR NA,IE00B945VV12,,1900-01-01,0,EUR,28.355,6808,1,1,193040.84,193040.84,198698.29,Aandelen Nederland,158105,Vanguard FTSE Developed Europe,0
828,295720,2020-09-08,EUR,,,1900-01-01,0,EUR,0,35159.48,1,0,35159.48,35159.48,0,,1234,,0
834,295720,2020-08-28,AEX,,PUT,2020-12-18,480,EUR,9.68,3,1,100,2904,2904,2313,Indexopties,103242,AEX P DEC 2020 480.00,0
835,295720,2020-08-28,AEX,,PUT,2020-12-18,500,EUR,12.92,4,1,100,5168,5168,4148,Indexopties,103242,AEX  P DEC 2020 500.00,0
836,295720,2020-08-28,EMIM NA,IE00BKM4GZ66,,1900-01-01,0,EUR,25.901,8184,1,1,211973.78,211973.78,209264.88,Aandelen Nederland,163902,iShares Core MSCI Emerging Markets IMI,0
837,295720,2020-08-28,IBTE LN,IE00BDFK1573,,1900-01-01,0,EUR,5.1065,29500,1,1,150641.75,150641.75,150582.75,Aandelen Engeland,171287,iShares $ Treasury Bond 1-3yr (EUR) Hdg,0
838,295720,2020-08-28,ISSP,IE0031442068,,1900-01-01,0,EUR,29.289,7413,1,1,217119.36,217119.36,211707.87,Aandelen Nederland,44532,iShares S&P 500 UCITS ETF (NL) (IUSA NA),0
839,295720,2020-08-28,VEUR NA,IE00B945VV12,,1900-01-01,0,EUR,28.717,6808,1,1,195505.34,195505.34,198698.29,Aandelen Nederland,158105,Vanguard FTSE Developed Europe,0
840,295720,2020-08-28,EUR,,,1900-01-01,0,EUR,0,35159.48,1,0,35159.48,35159.48,0,,1234,,0
851,295720,2020-08-26,AEX,,PUT,2020-12-18,480,EUR,7.43,3,1,100,2229,2229,2313,Indexopties,103242,AEX P DEC 2020 480.00,0
852,295720,2020-08-26,AEX,,PUT,2020-12-18,500,EUR,10.08,4,1,100,4032,4032,4148,Indexopties,103242,AEX  P DEC 2020 500.00,0
853,295720,2020-08-26,EMIM NA,IE00BKM4GZ66,,1900-01-01,0,EUR,25.955,8184,1,1,212415.72,212415.72,209264.88,Aandelen Nederland,163902,iShares Core MSCI Emerging Markets IMI,0
854,295720,2020-08-26,IBTE LN,IE00BDFK1573,,1900-01-01,0,EUR,5.1035,29500,1,1,150553.25,150553.25,150582.75,Aandelen Engeland,171287,iShares $ Treasury Bond 1-3yr (EUR) Hdg,0
855,295720,2020-08-26,ISSP,IE0031442068,,1900-01-01,0,EUR,29.185,7413,1,1,216348.41,216348.41,211707.87,Aandelen Nederland,44532,iShares S&P 500 UCITS ETF (NL) (IUSA NA),0
856,295720,2020-08-26,VEUR NA,IE00B945VV12,,1900-01-01,0,EUR,29.071,6808,1,1,197915.37,197915.37,198698.29,Aandelen Nederland,158105,Vanguard FTSE Developed Europe,0
857,295720,2020-08-26,EUR,,,1900-01-01,0,EUR,0,35159.48,1,0,35159.48,35159.48,0,,1234,,0
866,295720,2020-08-14,AEX,,PUT,2020-12-18,480,EUR,9.67,3,1,100,2901,2901,2313,Indexopties,103242,AEX P DEC 2020 480.00,0
867,295720,2020-08-14,AEX,,PUT,2020-12-18,500,EUR,12.88,4,1,100,5152,5152,4148,Indexopties,103242,AEX  P DEC 2020 500.00,0
868,295720,2020-08-14,EMIM NA,IE00BKM4GZ66,,1900-01-01,0,EUR,25.357,8184,1,1,207521.69,207521.69,209264.88,Aandelen Nederland,163902,iShares Core MSCI Emerging Markets IMI,0
869,295720,2020-08-14,IBTE LN,IE00BDFK1573,,1900-01-01,0,EUR,5.1045,29500,1,1,150582.75,150582.75,150582.75,Aandelen Engeland,171287,iShares $ Treasury Bond 1-3yr (EUR) Hdg,0
870,295720,2020-08-14,ISSP,IE0031442068,,1900-01-01,0,EUR,28.459,7413,1,1,210966.57,210966.57,211707.87,Aandelen Nederland,44532,iShares S&P 500 UCITS ETF (NL) (IUSA NA),0
871,295720,2020-08-14,VEUR NA,IE00B945VV12,,1900-01-01,0,EUR,28.676,6808,1,1,195226.21,195226.21,198698.29,Aandelen Nederland,158105,Vanguard FTSE Developed Europe,0
872,295720,2020-08-14,EUR,,,1900-01-01,0,EUR,0,35159.48,1,0,35159.48,35159.48,0,,1234,,0
826,295720,2020-09-07,AEX,,PUT,2020-12-18,480,EUR,10.82,3,1,100,3246,3246,2313,Indexopties,103242,AEX P DEC 2020 480.00,0
827,295720,2020-09-07,AEX,,PUT,2020-12-18,500,EUR,14.58,4,1,100,5832,5832,4148,Indexopties,103242,AEX  P DEC 2020 500.00,0
828,295720,2020-09-07,EMIM NA,IE00BKM4GZ66,,1900-01-01,0,EUR,25.403,8184,1,1,207898.15,207898.15,209264.88,Aandelen Nederland,163902,iShares Core MSCI Emerging Markets IMI,0
829,295720,2020-09-07,IBTE LN,IE00BDFK1573,,1900-01-01,0,EUR,5.1045,29500,1,1,150582.75,150582.75,150582.75,Aandelen Engeland,171287,iShares $ Treasury Bond 1-3yr (EUR) Hdg,0
830,295720,2020-09-07,ISSP,IE0031442068,,1900-01-01,0,EUR,29.006,7413,1,1,215021.48,215021.48,211707.87,Aandelen Nederland,44532,iShares S&P 500 UCITS ETF (NL) (IUSA NA),0
831,295720,2020-09-07,VEUR NA,IE00B945VV12,,1900-01-01,0,EUR,28.645,6808,1,1,195015.16,195015.16,198698.29,Aandelen Nederland,158105,Vanguard FTSE Developed Europe,0
832,295720,2020-09-07,EUR,,,1900-01-01,0,EUR,0,35159.48,1,0,35159.48,35159.48,0,,1234,,0
827,295720,2020-09-03,AEX,,PUT,2020-12-18,480,EUR,11.48,3,1,100,3444,3444,2313,Indexopties,103242,AEX P DEC 2020 480.00,0
828,295720,2020-09-03,AEX,,PUT,2020-12-18,500,EUR,15.24,4,1,100,6096,6096,4148,Indexopties,103242,AEX  P DEC 2020 500.00,0
829,295720,2020-09-03,EMIM NA,IE00BKM4GZ66,,1900-01-01,0,EUR,25.401,8184,1,1,207881.78,207881.78,209264.88,Aandelen Nederland,163902,iShares Core MSCI Emerging Markets IMI,0
830,295720,2020-09-03,IBTE LN,IE00BDFK1573,,1900-01-01,0,EUR,5.106,29500,1,1,150627,150627,150582.75,Aandelen Engeland,171287,iShares $ Treasury Bond 1-3yr (EUR) Hdg,0
831,295720,2020-09-03,ISSP,IE0031442068,,1900-01-01,0,EUR,29.337,7413,1,1,217475.18,217475.18,211707.87,Aandelen Nederland,44532,iShares S&P 500 UCITS ETF (NL) (IUSA NA),0
832,295720,2020-09-03,VEUR NA,IE00B945VV12,,1900-01-01,0,EUR,28.501,6808,1,1,194034.81,194034.81,198698.29,Aandelen Nederland,158105,Vanguard FTSE Developed Europe,0
833,295720,2020-09-03,EUR,,,1900-01-01,0,EUR,0,35159.48,1,0,35159.48,35159.48,0,,1234,,0
827,295720,2020-09-02,AEX,,PUT,2020-12-18,480,EUR,9.23,3,1,100,2769,2769,2313,Indexopties,103242,AEX P DEC 2020 480.00,0
828,295720,2020-09-02,AEX,,PUT,2020-12-18,500,EUR,12.35,4,1,100,4940,4940,4148,Indexopties,103242,AEX  P DEC 2020 500.00,0
829,295720,2020-09-02,EMIM NA,IE00BKM4GZ66,,1900-01-01,0,EUR,25.792,8184,1,1,211081.73,211081.73,209264.88,Aandelen Nederland,163902,iShares Core MSCI Emerging Markets IMI,0
830,295720,2020-09-02,IBTE LN,IE00BDFK1573,,1900-01-01,0,EUR,5.106,29500,1,1,150627,150627,150582.75,Aandelen Engeland,171287,iShares $ Treasury Bond 1-3yr (EUR) Hdg,0
831,295720,2020-09-02,ISSP,IE0031442068,,1900-01-01,0,EUR,29.912,7413,1,1,221737.66,221737.66,211707.87,Aandelen Nederland,44532,iShares S&P 500 UCITS ETF (NL) (IUSA NA),0
832,295720,2020-09-02,VEUR NA,IE00B945VV12,,1900-01-01,0,EUR,28.906,6808,1,1,196792.05,196792.05,198698.29,Aandelen Nederland,158105,Vanguard FTSE Developed Europe,0
833,295720,2020-09-02,EUR,,,1900-01-01,0,EUR,0,35159.48,1,0,35159.48,35159.48,0,,1234,,0
868,295720,2020-08-22,AEX,,PUT,2020-12-18,480,EUR,9.8,3,1,100,2940,2940,2313,Indexopties,103242,AEX P DEC 2020 480.00,0
869,295720,2020-08-22,AEX,,PUT,2020-12-18,500,EUR,13.26,4,1,100,5304,5304,4148,Indexopties,103242,AEX  P DEC 2020 500.00,0
870,295720,2020-08-22,EMIM NA,IE00BKM4GZ66,,1900-01-01,0,EUR,25.412,8184,1,1,207971.81,207971.81,209264.88,Aandelen Nederland,163902,iShares Core MSCI Emerging Markets IMI,0
871,295720,2020-08-22,IBTE LN,IE00BDFK1573,,1900-01-01,0,EUR,5.105,29500,1,1,150597.5,150597.5,150582.75,Aandelen Engeland,171287,iShares $ Treasury Bond 1-3yr (EUR) Hdg,0
872,295720,2020-08-22,ISSP,IE0031442068,,1900-01-01,0,EUR,28.664,7413,1,1,212486.23,212486.23,211707.87,Aandelen Nederland,44532,iShares S&P 500 UCITS ETF (NL) (IUSA NA),0
873,295720,2020-08-22,VEUR NA,IE00B945VV12,,1900-01-01,0,EUR,28.466,6808,1,1,193796.53,193796.53,198698.29,Aandelen Nederland,158105,Vanguard FTSE Developed Europe,0
874,295720,2020-08-22,EUR,,,1900-01-01,0,EUR,0,35159.48,1,0,35159.48,35159.48,0,,1234,,0
826,295720,2020-09-05,AEX,,PUT,2020-12-18,480,EUR,14,3,1,100,4200,4200,2313,Indexopties,103242,AEX P DEC 2020 480.00,0
827,295720,2020-09-05,AEX,,PUT,2020-12-18,500,EUR,18.43,4,1,100,7372,7372,4148,Indexopties,103242,AEX  P DEC 2020 500.00,0
828,295720,2020-09-05,EMIM NA,IE00BKM4GZ66,,1900-01-01,0,EUR,25.311,8184,1,1,207145.22,207145.22,209264.88,Aandelen Nederland,163902,iShares Core MSCI Emerging Markets IMI,0
829,295720,2020-09-05,IBTE LN,IE00BDFK1573,,1900-01-01,0,EUR,5.104,29500,1,1,150568,150568,150582.75,Aandelen Engeland,171287,iShares $ Treasury Bond 1-3yr (EUR) Hdg,0
830,295720,2020-09-05,ISSP,IE0031442068,,1900-01-01,0,EUR,28.498,7413,1,1,211255.67,211255.67,211707.87,Aandelen Nederland,44532,iShares S&P 500 UCITS ETF (NL) (IUSA NA),0
831,295720,2020-09-05,VEUR NA,IE00B945VV12,,1900-01-01,0,EUR,28.174,6808,1,1,191808.59,191808.59,198698.29,Aandelen Nederland,158105,Vanguard FTSE Developed Europe,0
832,295720,2020-09-05,EUR,,,1900-01-01,0,EUR,0,35159.48,1,0,35159.48,35159.48,0,,1234,,0
840,295720,2020-08-31,AEX,,PUT,2020-12-18,480,EUR,10.58,3,1,100,3174,3174,2313,Indexopties,103242,AEX P DEC 2020 480.00,0
841,295720,2020-08-31,AEX,,PUT,2020-12-18,500,EUR,14.2,4,1,100,5680,5680,4148,Indexopties,103242,AEX  P DEC 2020 500.00,0
842,295720,2020-08-31,EMIM NA,IE00BKM4GZ66,,1900-01-01,0,EUR,25.174,8184,1,1,206024.02,206024.02,209264.88,Aandelen Nederland,163902,iShares Core MSCI Emerging Markets IMI,0
843,295720,2020-08-31,IBTE LN,IE00BDFK1573,,1900-01-01,0,EUR,5.1065,29500,1,1,150641.75,150641.75,150582.75,Aandelen Engeland,171287,iShares $ Treasury Bond 1-3yr (EUR) Hdg,0
844,295720,2020-08-31,ISSP,IE0031442068,,1900-01-01,0,EUR,29.209,7413,1,1,216526.32,216526.32,211707.87,Aandelen Nederland,44532,iShares S&P 500 UCITS ETF (NL) (IUSA NA),0
845,295720,2020-08-31,VEUR NA,IE00B945VV12,,1900-01-01,0,EUR,28.509,6808,1,1,194089.27,194089.27,198698.29,Aandelen Nederland,158105,Vanguard FTSE Developed Europe,0
846,295720,2020-08-31,EUR,,,1900-01-01,0,EUR,0,35159.48,1,0,35159.48,35159.48,0,,1234,,0
826,295720,2020-09-04,AEX,,PUT,2020-12-18,480,EUR,14,3,1,100,4200,4200,2313,Indexopties,103242,AEX P DEC 2020 480.00,0
827,295720,2020-09-04,AEX,,PUT,2020-12-18,500,EUR,18.43,4,1,100,7372,7372,4148,Indexopties,103242,AEX  P DEC 2020 500.00,0
828,295720,2020-09-04,EMIM NA,IE00BKM4GZ66,,1900-01-01,0,EUR,25.311,8184,1,1,207145.22,207145.22,209264.88,Aandelen Nederland,163902,iShares Core MSCI Emerging Markets IMI,0
829,295720,2020-09-04,IBTE LN,IE00BDFK1573,,1900-01-01,0,EUR,5.104,29500,1,1,150568,150568,150582.75,Aandelen Engeland,171287,iShares $ Treasury Bond 1-3yr (EUR) Hdg,0
830,295720,2020-09-04,ISSP,IE0031442068,,1900-01-01,0,EUR,28.498,7413,1,1,211255.67,211255.67,211707.87,Aandelen Nederland,44532,iShares S&P 500 UCITS ETF (NL) (IUSA NA),0
831,295720,2020-09-04,VEUR NA,IE00B945VV12,,1900-01-01,0,EUR,28.174,6808,1,1,191808.59,191808.59,198698.29,Aandelen Nederland,158105,Vanguard FTSE Developed Europe,0
832,295720,2020-09-04,EUR,,,1900-01-01,0,EUR,0,35159.48,1,0,35159.48,35159.48,0,,1234,,0
866,295720,2020-08-16,AEX,,PUT,2020-12-18,480,EUR,9.67,3,1,100,2901,2901,2313,Indexopties,103242,AEX P DEC 2020 480.00,0
867,295720,2020-08-16,AEX,,PUT,2020-12-18,500,EUR,12.88,4,1,100,5152,5152,4148,Indexopties,103242,AEX  P DEC 2020 500.00,0
868,295720,2020-08-16,EMIM NA,IE00BKM4GZ66,,1900-01-01,0,EUR,25.357,8184,1,1,207521.69,207521.69,209264.88,Aandelen Nederland,163902,iShares Core MSCI Emerging Markets IMI,0
869,295720,2020-08-16,IBTE LN,IE00BDFK1573,,1900-01-01,0,EUR,5.1045,29500,1,1,150582.75,150582.75,150582.75,Aandelen Engeland,171287,iShares $ Treasury Bond 1-3yr (EUR) Hdg,0
870,295720,2020-08-16,ISSP,IE0031442068,,1900-01-01,0,EUR,28.459,7413,1,1,210966.57,210966.57,211707.87,Aandelen Nederland,44532,iShares S&P 500 UCITS ETF (NL) (IUSA NA),0
871,295720,2020-08-16,VEUR NA,IE00B945VV12,,1900-01-01,0,EUR,28.676,6808,1,1,195226.21,195226.21,198698.29,Aandelen Nederland,158105,Vanguard FTSE Developed Europe,0
872,295720,2020-08-16,EUR,,,1900-01-01,0,EUR,0,35159.48,1,0,35159.48,35159.48,0,,1234,,0
903,295720,2020-09-21,AEX,,PUT,2020-12-18,480,EUR,11.31,3,1,100,3393,3393,2313,Indexopties,103242,AEX P DEC 2020 480.00,0
904,295720,2020-09-21,AEX,,PUT,2020-12-18,500,EUR,15.82,4,1,100,6328,6328,4148,Indexopties,103242,AEX  P DEC 2020 500.00,0
905,295720,2020-09-21,EMIM NA,IE00BKM4GZ66,,1900-01-01,0,EUR,25.206,8184,1,1,206285.9,206285.9,209264.88,Aandelen Nederland,163902,iShares Core MSCI Emerging Markets IMI,0
906,295720,2020-09-21,IBTE LN,IE00BDFK1573,,1900-01-01,0,EUR,5.104,29500,1,1,150568,150568,150582.75,Aandelen Engeland,171287,iShares $ Treasury Bond 1-3yr (EUR) Hdg,0
907,295720,2020-09-21,ISSP,IE0031442068,,1900-01-01,0,EUR,27.41,7413,1,1,203190.33,203190.33,211707.87,Aandelen Nederland,44532,iShares S&P 500 UCITS ETF (NL) (IUSA NA),0
908,295720,2020-09-21,ISSP,,DIV,1900-01-01,0,USD,0.12,7413,1.17665,1,756.01,889.56,754.01,Dividenden,,div. iShares S&P 500 UCITS ETF (NL) (IUS,0
909,295720,2020-09-21,VEUR NA,IE00B945VV12,,1900-01-01,0,EUR,27.842,6808,1,1,189548.34,189548.34,198698.29,Aandelen Nederland,158105,Vanguard FTSE Developed Europe,0
910,295720,2020-09-21,EUR,,,1900-01-01,0,EUR,0,35159.48,1,0,35159.48,35159.48,0,,1234,,0
869,295720,2020-08-25,AEX,,PUT,2020-12-18,480,EUR,8.44,3,1,100,2532,2532,2313,Indexopties,103242,AEX P DEC 2020 480.00,0
870,295720,2020-08-25,AEX,,PUT,2020-12-18,500,EUR,11.45,4,1,100,4580,4580,4148,Indexopties,103242,AEX  P DEC 2020 500.00,0
871,295720,2020-08-25,EMIM NA,IE00BKM4GZ66,,1900-01-01,0,EUR,25.819,8184,1,1,211302.7,211302.7,209264.88,Aandelen Nederland,163902,iShares Core MSCI Emerging Markets IMI,0
872,295720,2020-08-25,IBTE LN,IE00BDFK1573,,1900-01-01,0,EUR,5.1035,29500,1,1,150553.25,150553.25,150582.75,Aandelen Engeland,171287,iShares $ Treasury Bond 1-3yr (EUR) Hdg,0
873,295720,2020-08-25,ISSP,IE0031442068,,1900-01-01,0,EUR,28.982,7413,1,1,214843.57,214843.57,211707.87,Aandelen Nederland,44532,iShares S&P 500 UCITS ETF (NL) (IUSA NA),0
874,295720,2020-08-25,VEUR NA,IE00B945VV12,,1900-01-01,0,EUR,28.824,6808,1,1,196233.79,196233.79,198698.29,Aandelen Nederland,158105,Vanguard FTSE Developed Europe,0
875,295720,2020-08-25,EUR,,,1900-01-01,0,EUR,0,35159.48,1,0,35159.48,35159.48,0,,1234,,0
917,295720,2020-09-18,AEX,,PUT,2020-12-18,480,EUR,7.38,3,1,100,2214,2214,2313,Indexopties,103242,AEX P DEC 2020 480.00,0
918,295720,2020-09-18,AEX,,PUT,2020-12-18,500,EUR,10.48,4,1,100,4192,4192,4148,Indexopties,103242,AEX  P DEC 2020 500.00,0
919,295720,2020-09-18,EMIM NA,IE00BKM4GZ66,,1900-01-01,0,EUR,25.642,8184,1,1,209854.13,209854.13,209264.88,Aandelen Nederland,163902,iShares Core MSCI Emerging Markets IMI,0
920,295720,2020-09-18,IBTE LN,IE00BDFK1573,,1900-01-01,0,EUR,5.104,29500,1,1,150568,150568,150582.75,Aandelen Engeland,171287,iShares $ Treasury Bond 1-3yr (EUR) Hdg,0
921,295720,2020-09-18,ISSP,IE0031442068,,1900-01-01,0,EUR,27.961,7413,1,1,207274.89,207274.89,211707.87,Aandelen Nederland,44532,iShares S&P 500 UCITS ETF (NL) (IUSA NA),0
922,295720,2020-09-18,ISSP,,DIV,1900-01-01,0,USD,0.12,7413,1.18474,1,750.85,889.56,754.01,Dividenden,,div. iShares S&P 500 UCITS ETF (NL) (IUS,0
923,295720,2020-09-18,VEUR NA,IE00B945VV12,,1900-01-01,0,EUR,28.749,6808,1,1,195723.19,195723.19,198698.29,Aandelen Nederland,158105,Vanguard FTSE Developed Europe,0
924,295720,2020-09-18,EUR,,,1900-01-01,0,EUR,0,35159.48,1,0,35159.48,35159.48,0,,1234,,0
902,295720,2020-09-22,AEX,,PUT,2020-12-18,480,EUR,9.97,3,1,100,2991,2991,2313,Indexopties,103242,AEX P DEC 2020 480.00,0
903,295720,2020-09-22,AEX,,PUT,2020-12-18,500,EUR,13.96,4,1,100,5584,5584,4148,Indexopties,103242,AEX  P DEC 2020 500.00,0
904,295720,2020-09-22,EMIM NA,IE00BKM4GZ66,,1900-01-01,0,EUR,25.221,8184,1,1,206408.66,206408.66,209264.88,Aandelen Nederland,163902,iShares Core MSCI Emerging Markets IMI,0
905,295720,2020-09-22,IBTE LN,IE00BDFK1573,,1900-01-01,0,EUR,5.104,29500,1,1,150568,150568,150582.75,Aandelen Engeland,171287,iShares $ Treasury Bond 1-3yr (EUR) Hdg,0
906,295720,2020-09-22,ISSP,IE0031442068,,1900-01-01,0,EUR,27.853,7413,1,1,206474.29,206474.29,211707.87,Aandelen Nederland,44532,iShares S&P 500 UCITS ETF (NL) (IUSA NA),0
907,295720,2020-09-22,ISSP,,DIV,1900-01-01,0,USD,0.12,7413,1.17105,1,759.63,889.56,754.01,Dividenden,,div. iShares S&P 500 UCITS ETF (NL) (IUS,0
908,295720,2020-09-22,VEUR NA,IE00B945VV12,,1900-01-01,0,EUR,27.857,6808,1,1,189650.46,189650.46,198698.29,Aandelen Nederland,158105,Vanguard FTSE Developed Europe,0
909,295720,2020-09-22,EUR,,,1900-01-01,0,EUR,0,35159.48,1,0,35159.48,35159.48,0,,1234,,0
858,295720,2020-09-23,AEX,,PUT,2020-12-18,480,EUR,8.83,3,1,100,2649,2649,2313,Indexopties,103242,AEX P DEC 2020 480.00,0
859,295720,2020-09-23,AEX,,PUT,2020-12-18,500,EUR,12.5,4,1,100,5000,5000,4148,Indexopties,103242,AEX  P DEC 2020 500.00,0
860,295720,2020-09-23,EMIM NA,IE00BKM4GZ66,,1900-01-01,0,EUR,25.218,8184,1,1,206384.11,206384.11,209264.88,Aandelen Nederland,163902,iShares Core MSCI Emerging Markets IMI,0
861,295720,2020-09-23,IBTE LN,IE00BDFK1573,,1900-01-01,0,EUR,5.1025,29500,1,1,150523.75,150523.75,150582.75,Aandelen Engeland,171287,iShares $ Treasury Bond 1-3yr (EUR) Hdg,0
862,295720,2020-09-23,ISSP,IE0031442068,,1900-01-01,0,EUR,28.086,7413,1,1,208201.52,208201.52,211707.87,Aandelen Nederland,44532,iShares S&P 500 UCITS ETF (NL) (IUSA NA),0
863,295720,2020-09-23,ISSP,,DIV,1900-01-01,0,USD,0.12,7413,1.16596,1,762.94,889.56,754.01,Dividenden,,div. iShares S&P 500 UCITS ETF (NL) (IUS,0
864,295720,2020-09-23,VEUR NA,IE00B945VV12,,1900-01-01,0,EUR,28.026,6808,1,1,190801.01,190801.01,198698.29,Aandelen Nederland,158105,Vanguard FTSE Developed Europe,0
865,295720,2020-09-23,EUR,,,1900-01-01,0,EUR,0,35159.48,1,0,35159.48,35159.48,0,,1234,,0
1052,295720,2020-09-26,AEX,,PUT,2020-12-18,480,EUR,9.66,3,1,100,2898,2898,2313,Indexopties,103242,AEX P DEC 2020 480.00,0
1053,295720,2020-09-26,AEX,,PUT,2020-12-18,500,EUR,13.66,4,1,100,5464,5464,4148,Indexopties,103242,AEX  P DEC 2020 500.00,0
1054,295720,2020-09-26,EMIM NA,IE00BKM4GZ66,,1900-01-01,0,EUR,24.876,8184,1,1,203585.18,203585.18,209264.88,Aandelen Nederland,163902,iShares Core MSCI Emerging Markets IMI,0
1055,295720,2020-09-26,IBTE LN,IE00BDFK1573,,1900-01-01,0,EUR,5.104,29500,1,1,150568,150568,150582.75,Aandelen Engeland,171287,iShares $ Treasury Bond 1-3yr (EUR) Hdg,0
1056,295720,2020-09-26,ISSP,IE0031442068,,1900-01-01,0,EUR,27.991,7413,1,1,207497.28,207497.28,211707.87,Aandelen Nederland,44532,iShares S&P 500 UCITS ETF (NL) (IUSA NA),0
1057,295720,2020-09-26,ISSP,,DIV,1900-01-01,0,USD,0.12,7413,1.16266,1,765.11,889.56,754.01,Dividenden,,div. iShares S&P 500 UCITS ETF (NL) (IUS,0
1058,295720,2020-09-26,VEUR NA,IE00B945VV12,,1900-01-01,0,EUR,27.524,6808,1,1,187383.39,187383.39,198698.29,Aandelen Nederland,158105,Vanguard FTSE Developed Europe,0
1059,295720,2020-09-26,VEUR NA,,DIV,1900-01-01,0,EUR,0.19568,6808,1,1,1332.19,1332.19,1332.19,Dividenden,,DIV Vanguard FTSE Developed Europe,0
1060,295720,2020-09-26,EUR,,,1900-01-01,0,EUR,0,35159.48,1,0,35159.48,35159.48,0,,1234,,0
1052,295720,2020-09-27,AEX,,PUT,2020-12-18,480,EUR,9.66,3,1,100,2898,2898,2313,Indexopties,103242,AEX P DEC 2020 480.00,0
1053,295720,2020-09-27,AEX,,PUT,2020-12-18,500,EUR,13.66,4,1,100,5464,5464,4148,Indexopties,103242,AEX  P DEC 2020 500.00,0
1054,295720,2020-09-27,EMIM NA,IE00BKM4GZ66,,1900-01-01,0,EUR,24.876,8184,1,1,203585.18,203585.18,209264.88,Aandelen Nederland,163902,iShares Core MSCI Emerging Markets IMI,0
1055,295720,2020-09-27,IBTE LN,IE00BDFK1573,,1900-01-01,0,EUR,5.104,29500,1,1,150568,150568,150582.75,Aandelen Engeland,171287,iShares $ Treasury Bond 1-3yr (EUR) Hdg,0
1056,295720,2020-09-27,ISSP,IE0031442068,,1900-01-01,0,EUR,27.991,7413,1,1,207497.28,207497.28,211707.87,Aandelen Nederland,44532,iShares S&P 500 UCITS ETF (NL) (IUSA NA),0
1057,295720,2020-09-27,ISSP,,DIV,1900-01-01,0,USD,0.12,7413,1.16266,1,765.11,889.56,754.01,Dividenden,,div. iShares S&P 500 UCITS ETF (NL) (IUS,0
1058,295720,2020-09-27,VEUR NA,IE00B945VV12,,1900-01-01,0,EUR,27.524,6808,1,1,187383.39,187383.39,198698.29,Aandelen Nederland,158105,Vanguard FTSE Developed Europe,0
1059,295720,2020-09-27,VEUR NA,,DIV,1900-01-01,0,EUR,0.19568,6808,1,1,1332.19,1332.19,1332.19,Dividenden,,DIV Vanguard FTSE Developed Europe,0
1060,295720,2020-09-27,EUR,,,1900-01-01,0,EUR,0,35159.48,1,0,35159.48,35159.48,0,,1234,,0
1053,295720,2020-09-28,AEX,,PUT,2020-12-18,480,EUR,7.55,3,1,100,2265,2265,2313,Indexopties,103242,AEX P DEC 2020 480.00,0
1054,295720,2020-09-28,AEX,,PUT,2020-12-18,500,EUR,10.79,4,1,100,4316,4316,4148,Indexopties,103242,AEX  P DEC 2020 500.00,0
1055,295720,2020-09-28,EMIM NA,IE00BKM4GZ66,,1900-01-01,0,EUR,25.246,8184,1,1,206613.26,206613.26,209264.88,Aandelen Nederland,163902,iShares Core MSCI Emerging Markets IMI,0
1056,295720,2020-09-28,IBTE LN,IE00BDFK1573,,1900-01-01,0,EUR,5.1035,29500,1,1,150553.25,150553.25,150582.75,Aandelen Engeland,171287,iShares $ Treasury Bond 1-3yr (EUR) Hdg,0
1057,295720,2020-09-28,ISSP,IE0031442068,,1900-01-01,0,EUR,28.593,7413,1,1,211959.91,211959.91,211707.87,Aandelen Nederland,44532,iShares S&P 500 UCITS ETF (NL) (IUSA NA),0
1058,295720,2020-09-28,ISSP,,DIV,1900-01-01,0,USD,0.12,7413,1.16675,1,762.43,889.56,754.01,Dividenden,,div. iShares S&P 500 UCITS ETF (NL) (IUS,0
1059,295720,2020-09-28,VEUR NA,IE00B945VV12,,1900-01-01,0,EUR,28.128,6808,1,1,191495.42,191495.42,198698.29,Aandelen Nederland,158105,Vanguard FTSE Developed Europe,0
1060,295720,2020-09-28,VEUR NA,,DIV,1900-01-01,0,EUR,0.19568,6808,1,1,1332.19,1332.19,1332.19,Dividenden,,DIV Vanguard FTSE Developed Europe,0
1061,295720,2020-09-28,EUR,,,1900-01-01,0,EUR,0,35159.48,1,0,35159.48,35159.48,0,,1234,,0
1053,295720,2020-09-29,AEX,,PUT,2020-12-18,480,EUR,7.68,3,1,100,2304,2304,2313,Indexopties,103242,AEX P DEC 2020 480.00,0
1054,295720,2020-09-29,AEX,,PUT,2020-12-18,500,EUR,11,4,1,100,4400,4400,4148,Indexopties,103242,AEX  P DEC 2020 500.00,0
1055,295720,2020-09-29,EMIM NA,IE00BKM4GZ66,,1900-01-01,0,EUR,25.08,8184,1,1,205254.72,205254.72,209264.88,Aandelen Nederland,163902,iShares Core MSCI Emerging Markets IMI,0
1056,295720,2020-09-29,IBTE LN,IE00BDFK1573,,1900-01-01,0,EUR,5.1045,29500,1,1,150582.75,150582.75,150582.75,Aandelen Engeland,171287,iShares $ Treasury Bond 1-3yr (EUR) Hdg,0
1057,295720,2020-09-29,ISSP,IE0031442068,,1900-01-01,0,EUR,28.324,7413,1,1,209965.81,209965.81,211707.87,Aandelen Nederland,44532,iShares S&P 500 UCITS ETF (NL) (IUSA NA),0
1058,295720,2020-09-29,ISSP,,DIV,1900-01-01,0,USD,0.12,7413,1.17408,1,757.67,889.56,754.01,Dividenden,,div. iShares S&P 500 UCITS ETF (NL) (IUS,0
1059,295720,2020-09-29,VEUR NA,IE00B945VV12,,1900-01-01,0,EUR,27.994,6808,1,1,190583.15,190583.15,198698.29,Aandelen Nederland,158105,Vanguard FTSE Developed Europe,0
1060,295720,2020-09-29,VEUR NA,,DIV,1900-01-01,0,EUR,0.19568,6808,1,1,1332.19,1332.19,1332.19,Dividenden,,DIV Vanguard FTSE Developed Europe,0
1061,295720,2020-09-29,EUR,,,1900-01-01,0,EUR,0,35159.48,1,0,35159.48,35159.48,0,,1234,,0
1014,295720,2020-09-30,AEX,,PUT,2020-12-18,480,EUR,7.56,3,1,100,2268,2268,2313,Indexopties,103242,AEX P DEC 2020 480.00,0
1015,295720,2020-09-30,AEX,,PUT,2020-12-18,500,EUR,10.9,4,1,100,4360,4360,4148,Indexopties,103242,AEX  P DEC 2020 500.00,0
1016,295720,2020-09-30,EMIM NA,IE00BKM4GZ66,,1900-01-01,0,EUR,25.49,8184,1,1,208610.16,208610.16,209264.88,Aandelen Nederland,163902,iShares Core MSCI Emerging Markets IMI,0
1017,295720,2020-09-30,IBTE LN,IE00BDFK1573,,1900-01-01,0,EUR,5.103,29500,1,1,150538.5,150538.5,150582.75,Aandelen Engeland,171287,iShares $ Treasury Bond 1-3yr (EUR) Hdg,0
1018,295720,2020-09-30,ISSP,IE0031442068,,1900-01-01,0,EUR,28.617,7413,1,1,212137.82,212137.82,211707.87,Aandelen Nederland,44532,iShares S&P 500 UCITS ETF (NL) (IUSA NA),0
1019,295720,2020-09-30,VEUR NA,IE00B945VV12,,1900-01-01,0,EUR,27.921,6808,1,1,190086.17,190086.17,198698.29,Aandelen Nederland,158105,Vanguard FTSE Developed Europe,0
1020,295720,2020-09-30,VEUR NA,,DIV,1900-01-01,0,EUR,0.19568,6808,1,1,1332.19,1332.19,1332.19,Dividenden,,DIV Vanguard FTSE Developed Europe,0
1021,295720,2020-09-30,EUR,,,1900-01-01,0,EUR,0,35890.7,1,0,35890.7,35890.7,0,,1234,,0
1014,295720,2020-10-01,AEX,,PUT,2020-12-18,480,EUR,7.13,3,1,100,2139,2139,2313,Indexopties,103242,AEX P DEC 2020 480.00,0
1015,295720,2020-10-01,AEX,,PUT,2020-12-18,500,EUR,10.36,4,1,100,4144,4144,4148,Indexopties,103242,AEX  P DEC 2020 500.00,0
1016,295720,2020-10-01,EMIM NA,IE00BKM4GZ66,,1900-01-01,0,EUR,25.635,8184,1,1,209796.84,209796.84,209264.88,Aandelen Nederland,163902,iShares Core MSCI Emerging Markets IMI,0
1017,295720,2020-10-01,IBTE LN,IE00BDFK1573,,1900-01-01,0,EUR,5.102,29500,1,1,150509,150509,150582.75,Aandelen Engeland,171287,iShares $ Treasury Bond 1-3yr (EUR) Hdg,0
1018,295720,2020-10-01,ISSP,IE0031442068,,1900-01-01,0,EUR,28.665,7413,1,1,212493.65,212493.65,211707.87,Aandelen Nederland,44532,iShares S&P 500 UCITS ETF (NL) (IUSA NA),0
1019,295720,2020-10-01,VEUR NA,IE00B945VV12,,1900-01-01,0,EUR,27.979,6808,1,1,190481.03,190481.03,198698.29,Aandelen Nederland,158105,Vanguard FTSE Developed Europe,0
1020,295720,2020-10-01,VEUR NA,,DIV,1900-01-01,0,EUR,0.19568,6808,1,1,1332.19,1332.19,1332.19,Dividenden,,DIV Vanguard FTSE Developed Europe,0
1021,295720,2020-10-01,EUR,,,1900-01-01,0,EUR,0,35890.7,1,0,35890.7,35890.7,0,,1234,,0
1014,295720,2020-10-02,AEX,,PUT,2020-12-18,480,EUR,7.04,3,1,100,2112,2112,2313,Indexopties,103242,AEX P DEC 2020 480.00,0
1015,295720,2020-10-02,AEX,,PUT,2020-12-18,500,EUR,10.18,4,1,100,4072,4072,4148,Indexopties,103242,AEX  P DEC 2020 500.00,0
1016,295720,2020-10-02,EMIM NA,IE00BKM4GZ66,,1900-01-01,0,EUR,25.61,8184,1,1,209592.24,209592.24,209264.88,Aandelen Nederland,163902,iShares Core MSCI Emerging Markets IMI,0
1017,295720,2020-10-02,IBTE LN,IE00BDFK1573,,1900-01-01,0,EUR,5.1025,29500,1,1,150523.75,150523.75,150582.75,Aandelen Engeland,171287,iShares $ Treasury Bond 1-3yr (EUR) Hdg,0
1018,295720,2020-10-02,ISSP,IE0031442068,,1900-01-01,0,EUR,28.476,7413,1,1,211092.59,211092.59,211707.87,Aandelen Nederland,44532,iShares S&P 500 UCITS ETF (NL) (IUSA NA),0
1019,295720,2020-10-02,VEUR NA,IE00B945VV12,,1900-01-01,0,EUR,28.059,6808,1,1,191025.67,191025.67,198698.29,Aandelen Nederland,158105,Vanguard FTSE Developed Europe,0
1020,295720,2020-10-02,VEUR NA,,DIV,1900-01-01,0,EUR,0.19568,6808,1,1,1332.19,1332.19,1332.19,Dividenden,,DIV Vanguard FTSE Developed Europe,0
1021,295720,2020-10-02,EUR,,,1900-01-01,0,EUR,0,35890.7,1,0,35890.7,35890.7,0,,1234,,0
1014,295720,2020-10-04,AEX,,PUT,2020-12-18,480,EUR,7.04,3,1,100,2112,2112,2313,Indexopties,103242,AEX P DEC 2020 480.00,0
1015,295720,2020-10-04,AEX,,PUT,2020-12-18,500,EUR,10.18,4,1,100,4072,4072,4148,Indexopties,103242,AEX  P DEC 2020 500.00,0
1016,295720,2020-10-04,EMIM NA,IE00BKM4GZ66,,1900-01-01,0,EUR,25.61,8184,1,1,209592.24,209592.24,209264.88,Aandelen Nederland,163902,iShares Core MSCI Emerging Markets IMI,0
1017,295720,2020-10-04,IBTE LN,IE00BDFK1573,,1900-01-01,0,EUR,5.1025,29500,1,1,150523.75,150523.75,150582.75,Aandelen Engeland,171287,iShares $ Treasury Bond 1-3yr (EUR) Hdg,0
1018,295720,2020-10-04,ISSP,IE0031442068,,1900-01-01,0,EUR,28.476,7413,1,1,211092.59,211092.59,211707.87,Aandelen Nederland,44532,iShares S&P 500 UCITS ETF (NL) (IUSA NA),0
1019,295720,2020-10-04,VEUR NA,IE00B945VV12,,1900-01-01,0,EUR,28.059,6808,1,1,191025.67,191025.67,198698.29,Aandelen Nederland,158105,Vanguard FTSE Developed Europe,0
1020,295720,2020-10-04,VEUR NA,,DIV,1900-01-01,0,EUR,0.19568,6808,1,1,1332.19,1332.19,1332.19,Dividenden,,DIV Vanguard FTSE Developed Europe,0
1021,295720,2020-10-04,EUR,,,1900-01-01,0,EUR,0,35890.7,1,0,35890.7,35890.7,0,,1234,,0
1014,295720,2020-10-03,AEX,,PUT,2020-12-18,480,EUR,7.04,3,1,100,2112,2112,2313,Indexopties,103242,AEX P DEC 2020 480.00,0
1015,295720,2020-10-03,AEX,,PUT,2020-12-18,500,EUR,10.18,4,1,100,4072,4072,4148,Indexopties,103242,AEX  P DEC 2020 500.00,0
1016,295720,2020-10-03,EMIM NA,IE00BKM4GZ66,,1900-01-01,0,EUR,25.61,8184,1,1,209592.24,209592.24,209264.88,Aandelen Nederland,163902,iShares Core MSCI Emerging Markets IMI,0
1017,295720,2020-10-03,IBTE LN,IE00BDFK1573,,1900-01-01,0,EUR,5.1025,29500,1,1,150523.75,150523.75,150582.75,Aandelen Engeland,171287,iShares $ Treasury Bond 1-3yr (EUR) Hdg,0
1018,295720,2020-10-03,ISSP,IE0031442068,,1900-01-01,0,EUR,28.476,7413,1,1,211092.59,211092.59,211707.87,Aandelen Nederland,44532,iShares S&P 500 UCITS ETF (NL) (IUSA NA),0
1019,295720,2020-10-03,VEUR NA,IE00B945VV12,,1900-01-01,0,EUR,28.059,6808,1,1,191025.67,191025.67,198698.29,Aandelen Nederland,158105,Vanguard FTSE Developed Europe,0
1020,295720,2020-10-03,VEUR NA,,DIV,1900-01-01,0,EUR,0.19568,6808,1,1,1332.19,1332.19,1332.19,Dividenden,,DIV Vanguard FTSE Developed Europe,0
1021,295720,2020-10-03,EUR,,,1900-01-01,0,EUR,0,35890.7,1,0,35890.7,35890.7,0,,1234,,0
1006,295720,2020-10-05,AEX,,PUT,2020-12-18,480,EUR,5.92,3,1,100,1776,1776,2313,Indexopties,103242,AEX P DEC 2020 480.00,0
1007,295720,2020-10-05,AEX,,PUT,2020-12-18,500,EUR,8.71,4,1,100,3484,3484,4148,Indexopties,103242,AEX  P DEC 2020 500.00,0
1008,295720,2020-10-05,EMIM NA,IE00BKM4GZ66,,1900-01-01,0,EUR,25.597,8184,1,1,209485.85,209485.85,209264.88,Aandelen Nederland,163902,iShares Core MSCI Emerging Markets IMI,0
1009,295720,2020-10-05,IBTE LN,IE00BDFK1573,,1900-01-01,0,EUR,5.102,29500,1,1,150509,150509,150582.75,Aandelen Engeland,171287,iShares $ Treasury Bond 1-3yr (EUR) Hdg,0
1010,295720,2020-10-05,ISSP,IE0031442068,,1900-01-01,0,EUR,28.667,7413,1,1,212508.47,212508.47,211707.87,Aandelen Nederland,44532,iShares S&P 500 UCITS ETF (NL) (IUSA NA),0
1011,295720,2020-10-05,VEUR NA,IE00B945VV12,,1900-01-01,0,EUR,28.291,6808,1,1,192605.13,192605.13,198698.29,Aandelen Nederland,158105,Vanguard FTSE Developed Europe,0
1012,295720,2020-10-05,VEUR NA,,DIV,1900-01-01,0,EUR,0.19568,6808,1,1,1332.19,1332.19,1332.19,Dividenden,,DIV Vanguard FTSE Developed Europe,0
1013,295720,2020-10-05,EUR,,,1900-01-01,0,EUR,0,35890.7,1,0,35890.7,35890.7,0,,1234,,0
1006,295720,2020-10-06,AEX,,PUT,2020-12-18,480,EUR,5.44,3,1,100,1632,1632,2313,Indexopties,103242,AEX P DEC 2020 480.00,0
1007,295720,2020-10-06,AEX,,PUT,2020-12-18,500,EUR,8.15,4,1,100,3260,3260,4148,Indexopties,103242,AEX  P DEC 2020 500.00,0
1008,295720,2020-10-06,EMIM NA,IE00BKM4GZ66,,1900-01-01,0,EUR,25.8,8184,1,1,211147.2,211147.2,209264.88,Aandelen Nederland,163902,iShares Core MSCI Emerging Markets IMI,0
1009,295720,2020-10-06,IBTE LN,IE00BDFK1573,,1900-01-01,0,EUR,5.1005,29500,1,1,150464.75,150464.75,150582.75,Aandelen Engeland,171287,iShares $ Treasury Bond 1-3yr (EUR) Hdg,0
1010,295720,2020-10-06,ISSP,IE0031442068,,1900-01-01,0,EUR,28.758,7413,1,1,213183.05,213183.05,211707.87,Aandelen Nederland,44532,iShares S&P 500 UCITS ETF (NL) (IUSA NA),0
1011,295720,2020-10-06,VEUR NA,IE00B945VV12,,1900-01-01,0,EUR,28.331,6808,1,1,192877.45,192877.45,198698.29,Aandelen Nederland,158105,Vanguard FTSE Developed Europe,0
1012,295720,2020-10-06,VEUR NA,,DIV,1900-01-01,0,EUR,0.19568,6808,1,1,1332.19,1332.19,1332.19,Dividenden,,DIV Vanguard FTSE Developed Europe,0
1013,295720,2020-10-06,EUR,,,1900-01-01,0,EUR,0,35890.7,1,0,35890.7,35890.7,0,,1234,,0
820,295720,2020-10-07,AEX,,PUT,2020-12-18,480,EUR,5.14,3,1,100,1542,1542,2313,Indexopties,103242,AEX P DEC 2020 480.00,0
821,295720,2020-10-07,AEX,,PUT,2020-12-18,500,EUR,7.82,4,1,100,3128,3128,4148,Indexopties,103242,AEX  P DEC 2020 500.00,0
822,295720,2020-10-07,EMIM NA,IE00BKM4GZ66,,1900-01-01,0,EUR,26.042,8184,1,1,213127.73,213127.73,209264.88,Aandelen Nederland,163902,iShares Core MSCI Emerging Markets IMI,0
823,295720,2020-10-07,IBTE LN,IE00BDFK1573,,1900-01-01,0,EUR,5.101,29500,1,1,150479.5,150479.5,150582.75,Aandelen Engeland,171287,iShares $ Treasury Bond 1-3yr (EUR) Hdg,0
824,295720,2020-10-07,ISSP,IE0031442068,,1900-01-01,0,EUR,28.813,7413,1,1,213590.77,213590.77,211707.87,Aandelen Nederland,44532,iShares S&P 500 UCITS ETF (NL) (IUSA NA),0
825,295720,2020-10-07,VEUR NA,IE00B945VV12,,1900-01-01,0,EUR,28.303,6808,1,1,192686.82,192686.82,198698.29,Aandelen Nederland,158105,Vanguard FTSE Developed Europe,0
826,295720,2020-10-07,EUR,,,1900-01-01,0,EUR,0,37222.89,1,0,37222.89,37222.89,0,,1234,,0
820,295720,2020-10-08,AEX,,PUT,2020-12-18,480,EUR,4.37,3,1,100,1311,1311,2313,Indexopties,103242,AEX P DEC 2020 480.00,0
821,295720,2020-10-08,AEX,,PUT,2020-12-18,500,EUR,6.67,4,1,100,2668,2668,4148,Indexopties,103242,AEX  P DEC 2020 500.00,0
822,295720,2020-10-08,EMIM NA,IE00BKM4GZ66,,1900-01-01,0,EUR,26.146,8184,1,1,213978.86,213978.86,209264.88,Aandelen Nederland,163902,iShares Core MSCI Emerging Markets IMI,0
823,295720,2020-10-08,IBTE LN,IE00BDFK1573,,1900-01-01,0,EUR,5.1005,29500,1,1,150464.75,150464.75,150582.75,Aandelen Engeland,171287,iShares $ Treasury Bond 1-3yr (EUR) Hdg,0
824,295720,2020-10-08,ISSP,IE0031442068,,1900-01-01,0,EUR,29.066,7413,1,1,215466.26,215466.26,211707.87,Aandelen Nederland,44532,iShares S&P 500 UCITS ETF (NL) (IUSA NA),0
825,295720,2020-10-08,VEUR NA,IE00B945VV12,,1900-01-01,0,EUR,28.52,6808,1,1,194164.16,194164.16,198698.29,Aandelen Nederland,158105,Vanguard FTSE Developed Europe,0
826,295720,2020-10-08,EUR,,,1900-01-01,0,EUR,0,37222.89,1,0,37222.89,37222.89,0,,1234,,0
820,295720,2020-10-12,AEX,,PUT,2020-12-18,480,EUR,2.96,3,1,100,888,888,2313,Indexopties,103242,AEX P DEC 2020 480.00,0
821,295720,2020-10-12,AEX,,PUT,2020-12-18,500,EUR,4.46,4,1,100,1784,1784,4148,Indexopties,103242,AEX  P DEC 2020 500.00,0
822,295720,2020-10-12,EMIM NA,IE00BKM4GZ66,,1900-01-01,0,EUR,26.527,8184,1,1,217096.97,217096.97,209264.88,Aandelen Nederland,163902,iShares Core MSCI Emerging Markets IMI,0
823,295720,2020-10-12,IBTE LN,IE00BDFK1573,,1900-01-01,0,EUR,5.099,29500,1,1,150420.5,150420.5,150582.75,Aandelen Engeland,171287,iShares $ Treasury Bond 1-3yr (EUR) Hdg,0
824,295720,2020-10-12,ISSP,IE0031442068,,1900-01-01,0,EUR,29.76,7413,1,1,220610.88,220610.88,211707.87,Aandelen Nederland,44532,iShares S&P 500 UCITS ETF (NL) (IUSA NA),0
825,295720,2020-10-12,VEUR NA,IE00B945VV12,,1900-01-01,0,EUR,28.906,6808,1,1,196792.05,196792.05,198698.29,Aandelen Nederland,158105,Vanguard FTSE Developed Europe,0
826,295720,2020-10-12,EUR,,,1900-01-01,0,EUR,0,37222.89,1,0,37222.89,37222.89,0,,1234,,0
